{"Loss": 0.0025749997585080564, "_runtime": 85, "_timestamp": 1634984702, "_step": 399, "Val Loss": 0.03551884740591049, "Acc": 99.95, "Val Acc": 95.1, "_wandb": {"runtime": 83}}